id,img,First Name,Gender,Age,AgeCategory,Country,Continent,populationCategory,Occupation type,YearsStudiesCategory,NumberKidsCategory
236,soon.jpg,Abdul,M,10,0-15,United Kingdom of Great Britain and Northern Ireland,Europe,5M+,Kid,0-2,0
65,SYR02.jpg,Abdulwahed,M,25,15-25,Syrian Arab Republic,Asia,5M+,Not paid occupation,5+,0
230,soon.jpg,Adam,M,6,0-15,Syrian Arab Republic,Asia,1M-5M,Kid,0-2,0
29,soon.jpg,Africa,F,18,15-25,Spain,Europe,1M-5M,Student,2-5,0
106,soon.jpg,Agustin,M,28,25-35,Argentina,Americas,1M-5M,Liberal profession and intellectual occupation,5+,0
241,soon.jpg,Ahmad,M,11,0-15,Lebanon,Asia,5M+,Kid,0-2,0
266,soon.jpg,Ahmet,M,23,15-25,Turkey,Asia,5M+,Student,2-5,0
38,soon.jpg,Alberto,M,35,25-35,Spain,Europe,1M-5M,Liberal profession and intellectual occupation,0-2,0
227,soon.jpg,Alexander,M,29,25-35,Australia,Oceania,5M+,Artist,2-5,0
0,soon.jpg,Alexandra,F,30,25-35,Australia,Oceania,1M-5M,Student,5+,0
403,soon.jpg,Ali,M,25,15-25,Iran (Islamic Republic of),Asia,5M+,Liberal profession and intellectual occupation,2-5,0
128,soon.jpg,Alicia,F,49,35-50,Argentina,Americas,5-15k,"Craftsmen, merchants & small business owner",0-2,2-5
386,soon.jpg,Alidad,M,23,15-25,Iran (Islamic Republic of),Asia,5M+,Artist,2-5,0
232,soon.jpg,Aliza,F,9,0-15,United Kingdom of Great Britain and Northern Ireland,Europe,5M+,Kid,0-2,0
7,soon.jpg,Allison,F,27,25-35,France,Europe,15-100k,"Craftsmen, merchants & small business owner",2-5,0
12,soon.jpg,Amandine,F,36,35-50,France,Europe,1M-5M,Executive,2-5,2-5
84,soon.jpg,Amelie,F,37,35-50,France,Europe,1M-5M,Executive,2-5,2-5
18,soon.jpg,Amélie,F,45,35-50,France,Europe,1M-5M,Not paid occupation,2-5,2-5
78,soon.jpg,Ana,F,26,25-35,France,Europe,1M-5M,Liberal profession and intellectual occupation,5+,0
126,soon.jpg,Analupez,F,68,65+,Argentina,Americas,100k-1M,Artist,0-2,0
43,soon.jpg,Anastasia,F,26,25-35,France,Europe,1M-5M,Liberal profession and intellectual occupation,5+,0
179,soon.jpg,Andre,M,28,25-35,Colombia,Americas,15-100k,Farmer,5+,0
145,soon.jpg,Andrea,M,30,25-35,Italy,Europe,100k-1M,Executive,2-5,1
136,soon.jpg,Andres,M,8,0-15,Bolivia (Plurinational State of),Americas,100k-1M,Kid,0-2,0
181,soon.jpg,Andres,M,32,25-35,Colombia,Americas,5M+,Liberal profession and intellectual occupation,5+,0
211,soon.jpg,Angela,F,41,35-50,United States of America,Americas,15-100k,Liberal profession and intellectual occupation,2-5,2-5
107,ARG03.jpg,Angeles,F,33,25-35,Argentina,Americas,1M-5M,Liberal profession and intellectual occupation,2-5,0
431,soon.jpg,Anil,M,58,50-65,India,Asia,1M-5M,Liberal profession and intellectual occupation,2-5,2-5
350,soon.jpg,Anindita,F,21,15-25,India,Asia,1M-5M,Student,0-2,0
2,soon.jpg,Anita,F,69,65+,France,Europe,5-15k,Retiree,0-2,2-5
275,soon.jpg,Anita,F,20,15-25,Taiwan (Republic of China),Asia,1M-5M,Student,2-5,0
383,soon.jpg,Anna,F,27,25-35,Iran (Islamic Republic of),Asia,5M+,Liberal profession and intellectual occupation,5+,0
103,soon.jpg,Anne,F,60,50-65,France,Europe,5-15k,Retiree,0-2,2-5
20,FR014.jpg,Anthony,M,80,65+,France,Europe,1M-5M,Retiree,2-5,2-5
251,soon.jpg,Anton,M,6,0-15,Russian Federation,Europe,5M+,Kid,0-2,0
139,soon.jpg,Antonio,M,41,35-50,Bolivia (Plurinational State of),Americas,100k-1M,Liberal profession and intellectual occupation,2-5,2-5
161,soon.jpg,Antonio,M,42,35-50,Brazil,Americas,5M+,Not paid occupation,2-5,0
368,soon.jpg,Anzu,F,34,25-35,Nepal,Asia,100k-1M,Worker,0-2,2-5
50,soon.jpg,Ari,F,26,25-35,South Africa,Africa,5M+,Liberal profession and intellectual occupation,2-5,0
104,soon.jpg,Aria,F,10,0-15,United Kingdom of Great Britain and Northern Ireland,Europe,5M+,Kid,0-2,0
55,soon.jpg,Armand,M,21,15-25,France,Europe,1M-5M,Student,2-5,0
396,soon.jpg,Aryana,M,23,15-25,Iran (Islamic Republic of),Asia,1M-5M,Student,2-5,0
318,IND04.jpg,Ashok,M,33,25-35,India,Asia,100k-1M,Employee,0-2,2-5
419,soon.jpg,Asinakesh,F,35,25-35,Ethiopia,Africa,0-5k,Farmer,0-2,2-5
365,NP04.jpg,Asmita,F,15,0-15,Nepal,Asia,100k-1M,Student,0-2,0
356,IND39.jpg,Astha,F,30,25-35,India,Asia,100k-1M,Artist,5+,0
357,IND40.jpg,Attab,M,43,35-50,India,Asia,100k-1M,Worker,0-2,2-5
305,soon.jpg,Aura,F,18,15-25,Myanmar,Asia,5M+,Student,0-2,0
255,soon.jpg,Aygun,F,24,15-25,Azerbaijan,Asia,5M+,Liberal profession and intellectual occupation,2-5,0
322,soon.jpg,Azad,M,37,35-50,India,Asia,100k-1M,Worker,0-2,5+
432,SG07.jpg,Aziah,F,32,25-35,Singapore,Asia,5M+,Executive,2-5,0
364,soon.jpg,Aziz,M,34,25-35,Nepal,Asia,100k-1M,Executive,5+,0
282,MN11.jpg,Badamkhand,F,46,35-50,Mongolia,Asia,1M-5M,"Craftsmen, merchants & small business owner",2-5,1
288,soon.jpg,Badamtuya,F,45,35-50,Mongolia,Asia,1M-5M,Liberal profession and intellectual occupation,0-2,2-5
95,soon.jpg,Baligha,F,28,25-35,Lebanon,Asia,1M-5M,Executive,2-5,0
321,IND07.jpg,Basanti,F,32,25-35,India,Asia,100k-1M,Worker,0-2,2-5
269,MN02.jpg,Bayanbaatar,M,61,50-65,Mongolia,Asia,0-5k,Worker,0-2,2-5
3,FR002.jpg,Bernard,M,58,50-65,France,Europe,0-5k,Farmer,0-2,2-5
226,FR056.jpg,Bernard,M,59,50-65,France,Europe,1M-5M,Liberal profession and intellectual occupation,2-5,2-5
379,soon.jpg,Bhagbati,F,26,25-35,Nepal,Asia,5-15k,Not paid occupation,0-2,1
423,soon.jpg,Biruk,M,24,15-25,Ethiopia,Africa,0-5k,Student,2-5,0
44,soon.jpg,Blanca,F,10,0-15,France,Europe,1M-5M,Kid,0-2,0
271,soon.jpg,Bolor-erdene,F,24,15-25,Mongolia,Asia,1M-5M,Student,2-5,0
118,soon.jpg,Bonito,M,83,65+,Italy,Europe,15-100k,Farmer,0-2,2-5
427,soon.jpg,Boudjemaa,M,56,50-65,France,Europe,1M-5M,Artist,2-5,2-5
152,soon.jpg,Brittney,F,24,15-25,Peru,Americas,5M+,Executive,2-5,0
56,soon.jpg,Camille,F,22,15-25,France,Europe,1M-5M,Student,2-5,0
428,soon.jpg,Camille,F,28,25-35,France,Europe,1M-5M,Artist,2-5,0
130,soon.jpg,Candelaria,F,9,0-15,Argentina,Americas,100k-1M,Kid,0-2,0
147,BOL10.jpg,Carlos,M,10,0-15,Bolivia (Plurinational State of),Americas,0-5k,Kid,0-2,0
141,soon.jpg,Carmen,F,73,65+,Spain,Europe,100k-1M,Retiree,5+,2-5
218,soon.jpg,Carol,F,57,50-65,United States of America,Americas,5M+,Artist,5+,0
11,soon.jpg,Carolina,F,29,25-35,Venezuela (Bolivarian Republic of),Americas,1M-5M,Liberal profession and intellectual occupation,2-5,0
33,soon.jpg,Caroline,F,27,25-35,France,Europe,1M-5M,Liberal profession and intellectual occupation,2-5,0
178,soon.jpg,Catalina,F,31,25-35,Colombia,Americas,5M+,Teacher,5+,1
219,CHN02.jpg,Catherine,F,33,25-35,China,Asia,5M+,Executive,5+,0
88,soon.jpg,Celine,F,37,35-50,France,Europe,1M-5M,Executive,2-5,2-5
186,soon.jpg,Chad,M,42,35-50,United States of America,Americas,1M-5M,"Craftsmen, merchants & small business owner",2-5,2-5
286,soon.jpg,Chagatai,M,26,25-35,Afghanistan,Asia,1M-5M,Student,2-5,0
225,soon.jpg,Charles,M,27,25-35,France,Europe,1M-5M,Liberal profession and intellectual occupation,2-5,0
303,soon.jpg,Cing,F,24,15-25,Myanmar,Asia,5M+,Executive,2-5,0
292,soon.jpg,Clarisse,F,29,25-35,Singapore,Asia,5M+,Liberal profession and intellectual occupation,0-2,0
180,COL11.jpg,Claudia,F,50,35-50,Colombia,Americas,5M+,Liberal profession and intellectual occupation,5+,0
406,soon.jpg,Crowd,M,54,50-65,Zimbabwe,Africa,100k-1M,Retiree,0-2,5+
14,soon.jpg,Cyril,M,28,25-35,France,Europe,1M-5M,Executive,2-5,0
231,EN10.jpg,Dafina,F,9,0-15,Kosovo (Republic of),Europe,5M+,Kid,0-2,0
420,soon.jpg,Damench,F,15,0-15,Ethiopia,Africa,0-5k,Student,0-2,0
117,soon.jpg,Daniel,M,54,50-65,Argentina,Americas,15-100k,Farmer,2-5,2-5
300,soon.jpg,Daniel,M,54,50-65,Canada,Americas,5M+,Liberal profession and intellectual occupation,5+,2-5
418,soon.jpg,Daniel,M,30,25-35,Ethiopia,Africa,1M-5M,Not paid occupation,0-2,0
216,soon.jpg,Danielle,F,28,25-35,United States of America,Americas,100k-1M,Liberal profession and intellectual occupation,2-5,0
185,USA07.jpg,Darceia,F,36,35-50,United States of America,Americas,1M-5M,Employee,5+,2-5
284,soon.jpg,Darisuren,F,40,35-50,Mongolia,Asia,1M-5M,Teacher,0-2,2-5
387,IRN06.jpg,Dariush,M,83,65+,Iran (Islamic Republic of),Asia,5M+,Liberal profession and intellectual occupation,5+,2-5
263,soon.jpg,Darya,F,26,25-35,Georgia,Asia,1M-5M,Liberal profession and intellectual occupation,2-5,0
40,soon.jpg,David,M,39,35-50,France,Europe,1M-5M,Executive,2-5,2-5
193,soon.jpg,David,M,59,50-65,United States of America,Americas,100k-1M,Retiree,5+,2-5
209,soon.jpg,Diana,F,29,25-35,France,Europe,5M+,Liberal profession and intellectual occupation,2-5,0
384,soon.jpg,Didar,M,42,35-50,Afghanistan,Asia,5M+,Employee,0-2,2-5
362,soon.jpg,Dikchhya,F,33,25-35,Nepal,Asia,100k-1M,Not paid occupation,2-5,0
258,soon.jpg,Dmitry,M,39,35-50,Russian Federation,Europe,5M+,Artist,5+,1
64,soon.jpg,Dominique,F,24,15-25,United States of America,Americas,5M+,Liberal profession and intellectual occupation,2-5,0
392,soon.jpg,Dorcas,F,30,25-35,Kenya,Africa,1M-5M,Worker,0-2,0
81,TIB01.jpg,Dorjee,M,45,35-50,China,Asia,100k-1M,Religious,2-5,2-5
202,USA24.jpg,Dylan,M,37,35-50,United States of America,Americas,1M-5M,Liberal profession and intellectual occupation,0-2,2-5
119,ARG12.jpg,Eduardo,M,38,35-50,Argentina,Americas,100k-1M,Farmer,0-2,2-5
132,soon.jpg,Eduardo,M,43,35-50,Argentina,Americas,100k-1M,Liberal profession and intellectual occupation,5+,2-5
176,soon.jpg,Eduardo,M,46,35-50,Colombia,Americas,100k-1M,Worker,0-2,2-5
194,soon.jpg,Effie,F,14,0-15,United States of America,Americas,100k-1M,Kid,0-2,0
79,soon.jpg,Eiman,F,39,35-50,Syrian Arab Republic,Asia,100k-1M,"Craftsmen, merchants & small business owner",2-5,2-5
25,soon.jpg,Ekaterina,F,25,15-25,Russian Federation,Europe,1M-5M,Executive,2-5,0
91,soon.jpg,Elaha,F,11,0-15,Afghanistan,Asia,5M+,Kid,0-2,0
217,soon.jpg,Elizabeth,F,22,15-25,United States of America,Americas,100k-1M,Student,0-2,0
151,soon.jpg,Emad,M,34,25-35,Iran (Islamic Republic of),Asia,5M+,Executive,5+,0
97,soon.jpg,Emil,M,30,25-35,Venezuela (Bolivarian Republic of),Americas,1M-5M,Employee,2-5,0
86,soon.jpg,Emma,F,8,0-15,France,Europe,1M-5M,Kid,0-2,0
279,soon.jpg,Enerel,F,24,15-25,Mongolia,Asia,1M-5M,Student,2-5,0
59,soon.jpg,Erdal,M,46,35-50,Turkey,Asia,5M+,Employee,0-2,1
285,soon.jpg,Erdendalai,M,28,25-35,Mongolia,Asia,1M-5M,Employee,0-2,1
435,FR065.jpg,Eric,M,57,50-65,France,Europe,1M-5M,Liberal profession and intellectual occupation,2-5,2-5
52,soon.jpg,Euan,M,25,15-25,United Kingdom of Great Britain and Northern Ireland,Europe,5M+,Liberal profession and intellectual occupation,2-5,0
131,soon.jpg,Eugenia,F,41,35-50,Argentina,Americas,100k-1M,Worker,0-2,5+
160,BRE05.jpg,Evandro,M,51,50-65,Brazil,Americas,5M+,Worker,0-2,0
143,soon.jpg,Fabiola,F,30,25-35,Bolivia (Plurinational State of),Americas,1M-5M,Employee,0-2,0
48,soon.jpg,Farrah,F,26,25-35,United Kingdom of Great Britain and Northern Ireland,Europe,5M+,Executive,2-5,0
244,soon.jpg,Fatima,F,11,0-15,Pakistan,Asia,5M+,Kid,0-2,0
416,ANG.jpg,Fatou,F,31,25-35,Angola,Africa,1M-5M,Employee,5+,0
41,soon.jpg,Fernando,M,27,25-35,Spain,Europe,1M-5M,Artist,0-2,0
110,soon.jpg,Francisco,M,11,0-15,Argentina,Americas,1M-5M,Kid,0-2,0
163,soon.jpg,Francisco,M,60,50-65,Brazil,Americas,5M+,Executive,0-2,2-5
24,soon.jpg,Franco,M,25,15-25,Brazil,Americas,1M-5M,Executive,2-5,0
187,USA09.jpg,Fred,M,67,65+,United States of America,Americas,1M-5M,Executive,5+,2-5
430,soon.jpg,Frédéric,M,50,35-50,France,Europe,15-100k,Employee,2-5,1
200,USA22.jpg,Gabriel,F,26,25-35,United States of America,Americas,5-15k,Artist,0-2,0
115,soon.jpg,Gabriela,F,29,25-35,Argentina,Americas,1M-5M,"Craftsmen, merchants & small business owner",5+,0
337,soon.jpg,Gajendari,F,18,15-25,India,Asia,100k-1M,Student,0-2,0
89,soon.jpg,Gaspard,M,6,0-15,France,Europe,1M-5M,Kid,0-2,0
204,soon.jpg,Gavin,M,30,25-35,United States of America,Americas,100k-1M,Artist,0-2,0
235,soon.jpg,Gentian,M,10,0-15,Kosovo (Republic of),Europe,5M+,Kid,0-2,0
411,ETH06.jpg,Gezachin,F,45,35-50,Ethiopia,Africa,1M-5M,Executive,5+,0
395,soon.jpg,Ghazal,F,20,15-25,Iran (Islamic Republic of),Asia,5M+,Artist,2-5,0
169,soon.jpg,Giuliano,M,20,15-25,Brazil,Americas,15-100k,Artist,0-2,0
412,soon.jpg,Gizachew,M,36,35-50,Ethiopia,Africa,1M-5M,Farmer,2-5,1
37,soon.jpg,Gloria,F,21,15-25,Spain,Europe,1M-5M,Liberal profession and intellectual occupation,2-5,0
358,IND41.jpg,Gnanapriya,F,40,35-50,India,Asia,5M+,Executive,5+,0
58,soon.jpg,Gokhan,M,66,65+,Turkey,Asia,5M+,Liberal profession and intellectual occupation,5+,2-5
96,TR07.jpg,Gubse,F,26,25-35,Turkey,Asia,1M-5M,Artist,5+,0
69,soon.jpg,Guillaume,M,28,25-35,France,Europe,1M-5M,Executive,2-5,0
259,OUZ01.jpg,Gulnara,F,48,35-50,Uzbekistan,Asia,5M+,Worker,0-2,2-5
120,soon.jpg,Gustavo,M,45,35-50,Argentina,Americas,15-100k,Farmer,5+,2-5
172,soon.jpg,Gustavo,M,50,35-50,Colombia,Americas,0-5k,Farmer,5+,2-5
175,soon.jpg,Gustavo,M,30,25-35,Colombia,Americas,5M+,Executive,2-5,0
410,ETH05.jpg,Halemikale,M,54,50-65,Ethiopia,Africa,0-5k,Worker,0-2,0
32,soon.jpg,Haley,F,23,15-25,United States of America,Americas,1M-5M,Teacher,2-5,0
206,soon.jpg,Hattie,F,26,25-35,United States of America,Americas,5M+,Executive,2-5,0
62,soon.jpg,Hayal,F,35,25-35,Turkey,Asia,5M+,Executive,2-5,0
238,soon.jpg,Helen,F,11,0-15,Hungary,Europe,5M+,Kid,0-2,0
140,soon.jpg,Hermana,F,40,35-50,Peru,Americas,100k-1M,Religious,0-2,0
92,soon.jpg,Holly,F,10,0-15,United Kingdom of Great Britain and Northern Ireland,Europe,5M+,Kid,0-2,0
294,soon.jpg,Hua,F,33,25-35,Singapore,Asia,5M+,Executive,5+,0
402,soon.jpg,Human,M,24,15-25,Iran (Islamic Republic of),Asia,5M+,Employee,2-5,0
162,soon.jpg,Humberto,M,44,35-50,Brazil,Americas,0-5k,Worker,0-2,0
82,soon.jpg,Hussam,M,39,35-50,Syrian Arab Republic,Asia,100k-1M,"Craftsmen, merchants & small business owner",2-5,2-5
293,soon.jpg,Ian,M,26,25-35,Singapore,Asia,5M+,Executive,2-5,0
66,soon.jpg,Ibrahim,M,31,25-35,Syrian Arab Republic,Asia,5M+,Not paid occupation,2-5,0
94,LIB01.jpg,Ibrahim,M,37,35-50,France,Europe,1M-5M,Artist,5+,1
207,soon.jpg,Ines,F,5,0-15,France,Europe,5M+,Kid,0-2,0
261,soon.jpg,Irina,F,33,25-35,Russian Federation,Europe,5M+,Liberal profession and intellectual occupation,2-5,0
184,soon.jpg,Isaiah,M,19,15-25,United States of America,Americas,1M-5M,Student,2-5,0
329,soon.jpg,Isha,F,32,25-35,India,Asia,100k-1M,Employee,2-5,1
234,soon.jpg,Iustin,M,11,0-15,Romania,Europe,5M+,Kid,0-2,0
167,BRE12.jpg,Ivan,M,55,50-65,Brazil,Americas,15-100k,"Craftsmen, merchants & small business owner",0-2,2-5
4,soon.jpg,Jacinthe,F,28,25-35,Madagascar,Africa,1M-5M,Artist,2-5,0
198,soon.jpg,Jack,M,7,0-15,United States of America,Americas,100k-1M,Kid,0-2,0
192,soon.jpg,Jackie,F,49,35-50,United States of America,Americas,100k-1M,Artist,2-5,2-5
100,FR047.jpg,Jacques,M,74,65+,France,Europe,1M-5M,Liberal profession and intellectual occupation,5+,2-5
361,IND43.jpg,Jade,M,27,25-35,India,Asia,1M-5M,"Craftsmen, merchants & small business owner",2-5,2-5
129,BOL01.jpg,Jaime,M,78,65+,Bolivia (Plurinational State of),Americas,100k-1M,Liberal profession and intellectual occupation,5+,2-5
240,soon.jpg,Jaminshir,F,11,0-15,United Kingdom of Great Britain and Northern Ireland,Europe,5M+,Kid,0-2,0
283,MN12.jpg,Janchiv,F,30,25-35,Mongolia,Asia,1M-5M,Not paid occupation,2-5,2-5
76,soon.jpg,Jean,M,95,65+,France,Europe,1M-5M,Religious,2-5,0
13,soon.jpg,Jean-Baptiste,M,27,25-35,France,Europe,1M-5M,Executive,2-5,0
433,soon.jpg,Jean-Yves,M,62,50-65,France,Europe,15-100k,Liberal profession and intellectual occupation,5+,2-5
26,ESP01.jpg,Jennifer,F,25,15-25,Spain,Europe,1M-5M,Executive,2-5,0
205,soon.jpg,Jennifer,F,27,25-35,United States of America,Americas,100k-1M,Liberal profession and intellectual occupation,2-5,0
355,soon.jpg,Jerome,M,29,25-35,France,Europe,1M-5M,Student,0-2,0
93,soon.jpg,Jessica,F,7,0-15,United Kingdom of Great Britain and Northern Ireland,Europe,5M+,Kid,0-2,0
270,KOR01.jpg,Jieun,F,36,35-50,Republic of Korea,Asia,5M+,Teacher,2-5,0
114,soon.jpg,Jodi,F,43,35-50,United Kingdom of Great Britain and Northern Ireland,Europe,5M+,Liberal profession and intellectual occupation,2-5,2-5
108,CAN01.jpg,Jonathan,M,35,25-35,Canada,Americas,1M-5M,Liberal profession and intellectual occupation,0-2,0
122,ARG15.jpg,Jorgelina,F,43,35-50,Argentina,Americas,100k-1M,Liberal profession and intellectual occupation,0-2,0
70,soon.jpg,Jose,M,40,35-50,Venezuela (Bolivarian Republic of),Americas,5M+,Executive,5+,2-5
109,soon.jpg,Jose,M,28,25-35,Argentina,Americas,1M-5M,Executive,2-5,0
85,soon.jpg,Joseph,M,5,0-15,France,Europe,1M-5M,Kid,0-2,0
49,soon.jpg,Josephine,F,26,25-35,United Kingdom of Great Britain and Northern Ireland,Europe,5M+,Liberal profession and intellectual occupation,2-5,0
250,soon.jpg,Joshua,M,7,0-15,United Kingdom of Great Britain and Northern Ireland,Europe,5M+,Kid,0-2,0
39,ESP09.jpg,Juan,M,50,35-50,Spain,Europe,1M-5M,Liberal profession and intellectual occupation,5+,1
144,soon.jpg,Juan,M,45,35-50,Bolivia (Plurinational State of),Americas,5-15k,Worker,0-2,2-5
195,soon.jpg,Judy,F,9,0-15,United States of America,Americas,100k-1M,Kid,0-2,0
246,soon.jpg,Juliana,F,7,0-15,United Kingdom of Great Britain and Northern Ireland,Europe,5M+,Kid,0-2,0
429,soon.jpg,Julie,F,31,25-35,France,Europe,1M-5M,Artist,2-5,0
208,soon.jpg,Juliette,F,8,0-15,France,Europe,5M+,Kid,0-2,0
352,soon.jpg,Kajal,F,18,15-25,India,Asia,1M-5M,Student,0-2,0
425,ETH17.jpg,Kalewongel,M,25,15-25,Ethiopia,Africa,1M-5M,Executive,2-5,2-5
375,NP14.jpg,Kanchan,F,23,15-25,Nepal,Asia,5-15k,"Craftsmen, merchants & small business owner",0-2,0
264,soon.jpg,Karina,F,26,25-35,Georgia,Asia,5M+,Liberal profession and intellectual occupation,2-5,0
344,soon.jpg,Karishma,F,18,15-25,India,Asia,100k-1M,Student,0-2,0
267,soon.jpg,Katya,F,28,25-35,Russian Federation,Europe,0-5k,"Craftsmen, merchants & small business owner",2-5,0
302,soon.jpg,Kaylan,M,46,35-50,India,Asia,5M+,Executive,5+,1
199,USA21.jpg,Kendrick,M,30,25-35,United States of America,Americas,100k-1M,Employee,2-5,0
87,soon.jpg,Keshar,M,36,35-50,India,Asia,1M-5M,"Craftsmen, merchants & small business owner",2-5,0
353,soon.jpg,Keya,F,20,15-25,India,Asia,1M-5M,Student,0-2,0
314,soon.jpg,Khaing,M,55,50-65,Myanmar,Asia,5M+,Liberal profession and intellectual occupation,0-2,2-5
273,soon.jpg,Khatanbaatar,M,28,25-35,Mongolia,Asia,1M-5M,Liberal profession and intellectual occupation,2-5,0
316,MYN13.jpg,Khin,F,24,15-25,Myanmar,Asia,1M-5M,Teacher,2-5,0
349,soon.jpg,Khusboo,F,16,15-25,India,Asia,1M-5M,Student,0-2,0
237,soon.jpg,Kira-Billie,F,11,0-15,United Kingdom of Great Britain and Northern Ireland,Europe,5M+,Kid,0-2,0
340,soon.jpg,Kirin,F,20,15-25,India,Asia,100k-1M,Student,0-2,0
409,ETH04.jpg,Kokobe,F,30,25-35,Ethiopia,Africa,0-5k,Worker,0-2,0
363,soon.jpg,Krishna,M,50,35-50,Nepal,Asia,100k-1M,"Craftsmen, merchants & small business owner",0-2,2-5
324,soon.jpg,Kunzang,F,23,15-25,India,Asia,0-5k,Worker,0-2,0
381,soon.jpg,Kushi,F,17,15-25,Nepal,Asia,100k-1M,Student,0-2,0
333,soon.jpg,Kusum,F,19,15-25,India,Asia,100k-1M,Student,0-2,0
309,MYN07.jpg,Kyaw,M,31,25-35,Myanmar,Asia,5M+,Teacher,5+,0
311,MYN09.jpg,Kyinue,F,30,25-35,Myanmar,Asia,5M+,Teacher,2-5,0
243,soon.jpg,Kyren ,F,11,0-15,United Kingdom of Great Britain and Northern Ireland,Europe,5M+,Kid,0-2,0
19,soon.jpg,Laetitia,F,13,0-15,France,Europe,1M-5M,Kid,0-2,0
15,soon.jpg,Laura,F,27,25-35,France,Europe,100k-1M,Artist,2-5,0
116,soon.jpg,Laura,F,27,25-35,Argentina,Americas,1M-5M,Liberal profession and intellectual occupation,2-5,0
374,NP13.jpg,Laxmi,F,46,35-50,Nepal,Asia,5-15k,Farmer,0-2,2-5
422,KEN02.jpg,Leah,F,39,35-50,Kenya,Africa,1M-5M,Executive,5+,2-5
157,TTO01.jpg,Lena,F,11,0-15,Trinidad and Tobago,Americas,5M+,Kid,0-2,0
390,soon.jpg,Lena,F,31,25-35,Germany,Europe,1M-5M,Liberal profession and intellectual occupation,2-5,0
165,soon.jpg,Lenice,F,74,65+,Brazil,Americas,1M-5M,Retiree,2-5,2-5
281,soon.jpg,Lhagvajav,F,58,50-65,Mongolia,Asia,1M-5M,Employee,2-5,2-5
312,soon.jpg,Li Pinyo,M,47,35-50,Myanmar,Asia,5M+,Religious,2-5,0
215,USA33.jpg,Lillian,F,34,25-35,United States of America,Americas,100k-1M,Liberal profession and intellectual occupation,2-5,0
359,IND42.jpg,Lina,F,75,65+,India,Asia,1M-5M,Not paid occupation,2-5,2-5
252,soon.jpg,Lora,F,10,0-15,Russian Federation,Europe,5M+,Kid,0-2,0
8,soon.jpg,Louis,M,28,25-35,France,Europe,1M-5M,"Craftsmen, merchants & small business owner",2-5,0
22,soon.jpg,Louise,F,38,35-50,United Kingdom of Great Britain and Northern Ireland,Europe,1M-5M,Liberal profession and intellectual occupation,2-5,1
233,soon.jpg,Louise,F,10,0-15,United Kingdom of Great Britain and Northern Ireland,Europe,5M+,Kid,0-2,0
274,soon.jpg,Lucille,F,47,35-50,Cameroon,Africa,1M-5M,Religious,2-5,0
197,soon.jpg,Lucius,M,35,25-35,United States of America,Americas,100k-1M,Artist,2-5,0
112,ARG07.jpg,Ludmila,F,28,25-35,Argentina,Americas,1M-5M,Artist,2-5,0
158,soon.jpg,Luisa,F,69,65+,Portugal,Europe,15-100k,Retiree,5+,1
159,soon.jpg,Luna,F,7,0-15,Brazil,Americas,1M-5M,Kid,0-2,0
101,soon.jpg,Madeleine,F,8,0-15,France,Europe,1M-5M,Kid,0-2,0
287,YEM01.jpg,Maher Mohammed,M,34,25-35,Yemen,Asia,1M-5M,Not paid occupation,2-5,1
401,soon.jpg,Mamzi,M,30,25-35,Iran (Islamic Republic of),Asia,5M+,Employee,5+,0
325,soon.jpg,Manish,M,37,35-50,India,Asia,100k-1M,Liberal profession and intellectual occupation,2-5,2-5
174,COL05.jpg,Marcelino,M,25,15-25,Colombia,Americas,0-5k,Worker,0-2,1
35,soon.jpg,Maria,F,44,35-50,Spain,Europe,1M-5M,Executive,5+,2-5
113,ARG08.jpg,Maria,F,83,65+,Argentina,Americas,1M-5M,Retiree,0-2,0
388,soon.jpg,Mariam,F,40,35-50,Iran (Islamic Republic of),Asia,5M+,Employee,2-5,0
434,soon.jpg,Marie,F,28,25-35,France,Europe,5-15k,Liberal profession and intellectual occupation,2-5,0
46,soon.jpg,Martin,M,8,0-15,France,Europe,1M-5M,Kid,0-2,0
75,soon.jpg,Martin,M,8,0-15,France,Europe,1M-5M,Kid,0-2,0
220,soon.jpg,Martin,M,31,25-35,Germany,Europe,5M+,Liberal profession and intellectual occupation,5+,0
399,soon.jpg,Masood,M,21,15-25,Iran (Islamic Republic of),Asia,5M+,Executive,0-2,0
73,soon.jpg,Mathilde,F,12,0-15,France,Europe,1M-5M,Kid,0-2,0
166,soon.jpg,Mauricio,M,64,50-65,Brazil,Americas,5M+,Teacher,5+,0
27,soon.jpg,Maximilian,M,26,25-35,France,Europe,1M-5M,Student,2-5,0
417,soon.jpg,Maya,F,26,25-35,Ethiopia,Africa,1M-5M,Liberal profession and intellectual occupation,2-5,0
153,soon.jpg,Mayke,F,55,50-65,Peru,Americas,100k-1M,Teacher,2-5,0
295,soon.jpg,Megan,F,29,25-35,Singapore,Asia,5M+,Executive,5+,0
413,soon.jpg,Mekonnen,M,49,35-50,Ethiopia,Africa,0-5k,Farmer,0-2,2-5
214,soon.jpg,Meredith,F,30,25-35,United States of America,Americas,100k-1M,Artist,5+,0
196,soon.jpg,Michael,M,10,0-15,United States of America,Americas,100k-1M,Kid,0-2,0
224,FR054.jpg,Michael,M,36,35-50,France,Europe,1M-5M,Executive,2-5,1
138,BOL05.jpg,Miguel,M,64,50-65,Bolivia (Plurinational State of),Americas,100k-1M,Retiree,2-5,2-5
182,soon.jpg,Miguel,M,28,25-35,United States of America,Americas,1M-5M,Employee,0-2,2-5
260,soon.jpg,Mikhail,M,26,25-35,Russian Federation,Europe,5M+,Employee,2-5,0
5,soon.jpg,Miora,F,28,25-35,Madagascar,Africa,1M-5M,Executive,2-5,0
67,soon.jpg,Mohammad,M,40,35-50,Syrian Arab Republic,Asia,1M-5M,"Craftsmen, merchants & small business owner",2-5,2-5
80,soon.jpg,Mohammad,M,28,25-35,Syrian Arab Republic,Asia,100k-1M,"Craftsmen, merchants & small business owner",2-5,0
385,soon.jpg,Mohammad,M,32,25-35,Iran (Islamic Republic of),Asia,1M-5M,Liberal profession and intellectual occupation,2-5,1
397,soon.jpg,Mohammad,M,36,35-50,Iran (Islamic Republic of),Asia,1M-5M,Religious,5+,2-5
404,soon.jpg,Mohammad,M,57,50-65,Iran (Islamic Republic of),Asia,5M+,Worker,0-2,2-5
398,IRN13.jpg,Mohsen,M,73,65+,Iran (Islamic Republic of),Asia,5M+,Retiree,2-5,2-5
148,BOL11.jpg,Monica,F,8,0-15,Bolivia (Plurinational State of),Americas,0-5k,Kid,0-2,0
191,USA13.jpg,Monica,F,40,35-50,United States of America,Americas,100k-1M,"Craftsmen, merchants & small business owner",2-5,0
290,soon.jpg,Muhammad Sufi,M,27,25-35,Singapore,Asia,5M+,Employee,2-5,0
414,ETH09.jpg,Mundo,F,55,50-65,Ethiopia,Africa,0-5k,Farmer,0-2,2-5
299,soon.jpg,Myat,M,33,25-35,Myanmar,Asia,5M+,Worker,0-2,0
407,soon.jpg,Myranda,F,37,35-50,Zambia,Africa,1M-5M,Employee,2-5,2-5
57,soon.jpg,Nadya,F,21,15-25,Indonesia,Asia,5M+,Student,2-5,0
289,soon.jpg,Nadyah,F,25,15-25,Singapore,Asia,5M+,Liberal profession and intellectual occupation,2-5,0
297,MN16.jpg,Narangerel,F,6,0-15,Mongolia,Asia,1M-5M,Kid,0-2,0
262,RUS11.jpg,Nasgul,F,31,25-35,Russian Federation,Europe,5M+,Liberal profession and intellectual occupation,5+,0
155,soon.jpg,Nayana,F,9,0-15,Canada,Americas,5M+,Kid,0-2,0
301,soon.jpg,Neelam,F,25,15-25,Myanmar,Asia,5M+,Executive,2-5,0
332,soon.jpg,Neeraj,M,19,15-25,India,Asia,100k-1M,Student,0-2,0
394,soon.jpg,Negash,M,67,65+,Ethiopia,Africa,1M-5M,Retiree,0-2,2-5
317,soon.jpg,Ni Ni,F,22,15-25,Myanmar,Asia,0-5k,Student,0-2,0
306,IDN02.jpg,Nia,F,34,25-35,Indonesia,Asia,5M+,Teacher,2-5,0
341,soon.jpg,Nibha,F,18,15-25,India,Asia,100k-1M,Student,0-2,0
393,soon.jpg,Nibret,M,28,25-35,Ethiopia,Africa,1M-5M,Employee,2-5,0
51,soon.jpg,Nicholas,M,26,25-35,South Africa,Africa,5M+,Student,2-5,0
212,soon.jpg,Nicholas,M,38,35-50,United States of America,Americas,15-100k,Worker,0-2,0
30,soon.jpg,Nicolas,M,25,15-25,France,Europe,1M-5M,Executive,2-5,0
223,soon.jpg,Nicole,F,24,15-25,United States of America,Americas,5M+,Liberal profession and intellectual occupation,5+,0
253,RUS04.jpg,Nika,F,9,0-15,Russian Federation,Europe,5M+,Kid,0-2,0
221,soon.jpg,Nikolina,F,31,25-35,Germany,Europe,5M+,Not paid occupation,5+,0
135,soon.jpg,Nina,F,7,0-15,United Kingdom of Great Britain and Northern Ireland,Europe,100k-1M,Kid,0-2,0
371,NP10.jpg,Nirajan,M,30,25-35,Nepal,Asia,5-15k,Worker,5+,0
335,soon.jpg,Nisha,F,18,15-25,India,Asia,100k-1M,Student,0-2,0
339,soon.jpg,Nisha,F,20,15-25,India,Asia,100k-1M,Student,0-2,0
376,soon.jpg,Nishan,M,24,15-25,Nepal,Asia,5-15k,Farmer,0-2,1
146,soon.jpg,Noemi,F,61,50-65,France,Europe,100k-1M,Teacher,2-5,2-5
17,soon.jpg,Noémie,F,15,0-15,France,Europe,1M-5M,Kid,0-2,0
328,soon.jpg,Nomita,F,41,35-50,India,Asia,100k-1M,Not paid occupation,5+,1
415,ZIM02.jpg,Nomsa,F,42,35-50,Zimbabwe,Africa,1M-5M,Executive,2-5,1
61,soon.jpg,Nurdogan,M,52,50-65,Turkey,Asia,5M+,"Craftsmen, merchants & small business owner",2-5,0
280,soon.jpg,Odongerel,F,53,50-65,Mongolia,Asia,1M-5M,Teacher,5+,2-5
265,RUS12.jpg,Olesya,F,27,25-35,Russian Federation,Europe,100k-1M,Employee,5+,1
315,soon.jpg,Oliver,M,48,35-50,Germany,Europe,5M+,Liberal profession and intellectual occupation,2-5,1
45,soon.jpg,Olivia,F,8,0-15,France,Europe,1M-5M,Kid,0-2,0
47,soon.jpg,Omar,M,63,50-65,Algeria,Africa,1M-5M,"Craftsmen, merchants & small business owner",0-2,1
228,soon.jpg,Omar,M,13,0-15,Syrian Arab Republic,Asia,1M-5M,Kid,0-2,0
121,soon.jpg,Pablo,M,44,35-50,Argentina,Americas,15-100k,Liberal profession and intellectual occupation,5+,2-5
10,soon.jpg,Patricia,F,58,50-65,Peru,Americas,1M-5M,Worker,0-2,2-5
53,EN04.jpg,Paul,M,68,65+,United Kingdom of Great Britain and Northern Ireland,Europe,5M+,Religious,0-2,0
177,soon.jpg,Paula,F,43,35-50,Colombia,Americas,5M+,Not paid occupation,0-2,0
98,soon.jpg,Paulina,F,30,25-35,Mexico,Americas,1M-5M,Liberal profession and intellectual occupation,5+,0
68,soon.jpg,Pauline,F,28,25-35,France,Europe,1M-5M,Executive,2-5,0
90,soon.jpg,Pauline,F,27,25-35,France,Europe,1M-5M,Liberal profession and intellectual occupation,2-5,0
424,soon.jpg,Paulos,M,51,50-65,Ethiopia,Africa,1M-5M,Liberal profession and intellectual occupation,5+,2-5
34,soon.jpg,Pepa,F,58,50-65,Spain,Europe,1M-5M,Liberal profession and intellectual occupation,2-5,0
436,soon.jpg,Philippe,M,63,50-65,France,Europe,1M-5M,Not paid occupation,0-2,0
9,soon.jpg,Pierre,M,28,25-35,France,Europe,15-100k,Executive,2-5,0
354,soon.jpg,Pierre,M,24,15-25,France,Europe,1M-5M,Student,0-2,0
36,soon.jpg,Pilar,F,58,50-65,Spain,Europe,1M-5M,Liberal profession and intellectual occupation,2-5,0
380,soon.jpg,Pramod,M,48,35-50,Nepal,Asia,100k-1M,Liberal profession and intellectual occupation,2-5,0
156,soon.jpg,Priscila,F,36,35-50,Brazil,Americas,5M+,Worker,0-2,1
188,soon.jpg,Rachael,F,30,25-35,United States of America,Americas,100k-1M,Employee,2-5,0
242,soon.jpg,Rahima,F,11,0-15,Morocco,Africa,5M+,Kid,0-2,0
201,USA23.jpg,Rahn,M,44,35-50,United States of America,Americas,100k-1M,Teacher,2-5,2-5
378,NP17.jpg,Rajaram,M,49,35-50,Nepal,Asia,5-15k,Farmer,0-2,2-5
326,soon.jpg,Rajeev,M,43,35-50,India,Asia,100k-1M,Executive,2-5,2-5
320,soon.jpg,Rajni,F,53,50-65,India,Asia,100k-1M,Teacher,5+,1
366,NP05.jpg,Raju,M,40,35-50,Nepal,Asia,100k-1M,Liberal profession and intellectual occupation,5+,0
336,soon.jpg,Rama,M,20,15-25,India,Asia,100k-1M,Student,0-2,0
369,soon.jpg,Ramchandma,M,44,35-50,Nepal,Asia,100k-1M,Farmer,0-2,2-5
338,soon.jpg,Rani,F,18,15-25,India,Asia,100k-1M,Student,0-2,0
77,soon.jpg,Raphaelle,F,22,15-25,France,Europe,1M-5M,Artist,0-2,0
342,soon.jpg,Ravinder,M,18,15-25,India,Asia,100k-1M,Student,0-2,0
348,soon.jpg,Reba,F,20,15-25,India,Asia,1M-5M,Student,0-2,0
291,soon.jpg,Restine,F,28,25-35,Philippines,Asia,5M+,Teacher,5+,0
168,BRE13.jpg,Ricardinho,M,40,35-50,Brazil,Americas,15-100k,Artist,0-2,2-5
149,BOL12.jpg,Roberto Carlos,M,32,25-35,Bolivia (Plurinational State of),Americas,0-5k,"Craftsmen, merchants & small business owner",0-2,2-5
124,ARG17.jpg,Rolando,M,66,65+,Argentina,Americas,1M-5M,Liberal profession and intellectual occupation,5+,2-5
173,soon.jpg,Romelia,F,70,65+,Colombia,Americas,0-5k,Not paid occupation,0-2,2-5
203,USA25.jpg,Roosevelt,M,66,65+,United States of America,Americas,100k-1M,Artist,2-5,0
170,COL01.jpg,Rosember,M,45,35-50,Colombia,Americas,0-5k,Farmer,0-2,2-5
133,soon.jpg,Roxana,F,33,25-35,Bolivia (Plurinational State of),Americas,100k-1M,Executive,2-5,0
190,soon.jpg,Rubi,F,7,0-15,United States of America,Americas,1M-5M,Kid,0-2,0
189,USA11.jpg,Rusty,M,46,35-50,United States of America,Americas,100k-1M,Artist,2-5,0
313,soon.jpg,Sa,M,26,25-35,Myanmar,Asia,0-5k,Student,0-2,0
370,soon.jpg,Sadi,F,16,15-25,Nepal,Asia,100k-1M,Student,0-2,0
405,soon.jpg,Saina,F,24,15-25,Iran (Islamic Republic of),Asia,5M+,Student,2-5,0
323,soon.jpg,Sajjad,M,35,25-35,India,Asia,100k-1M,Worker,0-2,2-5
389,soon.jpg,Samira,F,26,25-35,Iran (Islamic Republic of),Asia,5M+,Teacher,2-5,0
377,soon.jpg,Sangeet,M,14,0-15,Nepal,Asia,5-15k,Student,0-2,0
183,soon.jpg,Sangjin,M,34,25-35,United States of America,Americas,1M-5M,Executive,2-5,0
331,soon.jpg,Sanjina,F,17,15-25,India,Asia,100k-1M,Student,0-2,0
111,soon.jpg,Santiago,M,9,0-15,Argentina,Americas,1M-5M,Kid,0-2,0
137,soon.jpg,Santiago,M,11,0-15,Bolivia (Plurinational State of),Americas,100k-1M,Kid,0-2,0
171,soon.jpg,Santiago,M,23,15-25,Colombia,Americas,0-5k,Farmer,2-5,0
319,soon.jpg,Santosh,F,83,65+,India,Asia,100k-1M,Not paid occupation,0-2,2-5
164,soon.jpg,Sayuri,F,42,35-50,Brazil,Americas,1M-5M,Liberal profession and intellectual occupation,5+,0
72,soon.jpg,Segolene,M,37,35-50,France,Europe,1M-5M,Executive,2-5,2-5
134,soon.jpg,Selina,F,11,0-15,United Kingdom of Great Britain and Northern Ireland,Europe,100k-1M,Kid,0-2,0
307,soon.jpg,Seno,M,41,35-50,Indonesia,Asia,5M+,Employee,2-5,0
391,soon.jpg,Sepideh,F,25,15-25,Iran (Islamic Republic of),Asia,5M+,Artist,2-5,0
213,SYR07.jpg,Sharif,M,39,35-50,Syrian Arab Republic,Asia,15-100k,Liberal profession and intellectual occupation,2-5,1
239,soon.jpg,Sharmarke,M,11,0-15,United Kingdom of Great Britain and Northern Ireland,Europe,5M+,Kid,0-2,0
372,soon.jpg,Shekhar,M,31,25-35,Nepal,Asia,100k-1M,Teacher,2-5,2-5
373,soon.jpg,Shyam,M,64,50-65,Nepal,Asia,5-15k,Farmer,0-2,0
247,soon.jpg,Shyla,F,9,0-15,United Kingdom of Great Britain and Northern Ireland,Europe,5M+,Kid,0-2,0
142,soon.jpg,Silvana,F,30,25-35,Bolivia (Plurinational State of),Americas,1M-5M,Employee,0-2,1
125,soon.jpg,Silvia,F,51,50-65,Argentina,Americas,100k-1M,Teacher,5+,2-5
343,soon.jpg,Simran,F,18,15-25,India,Asia,100k-1M,Student,0-2,0
426,soon.jpg,Sister,F,71,65+,Ethiopia,Africa,1M-5M,Religious,2-5,0
74,soon.jpg,Sixtine,F,10,0-15,France,Europe,1M-5M,Kid,0-2,0
382,soon.jpg,Soheil,M,30,25-35,Iran (Islamic Republic of),Asia,5M+,Executive,2-5,0
421,soon.jpg,Solomon,M,51,50-65,Ethiopia,Africa,1M-5M,Religious,5+,2-5
28,soon.jpg,Sonia,F,18,15-25,Spain,Europe,1M-5M,Student,2-5,0
296,soon.jpg,Sonya,F,36,35-50,India,Asia,5M+,Executive,2-5,1
222,soon.jpg,Stephanie,F,30,25-35,United States of America,Americas,5M+,Executive,5+,0
346,soon.jpg,Subhojit,M,18,15-25,India,Asia,1M-5M,Student,0-2,0
347,soon.jpg,Subrata,M,22,15-25,India,Asia,1M-5M,Student,0-2,0
345,soon.jpg,Suchitba,F,20,15-25,India,Asia,1M-5M,Student,0-2,0
63,soon.jpg,Süleyman,M,39,35-50,Turkey,Asia,5M+,Executive,2-5,1
360,soon.jpg,Suman,F,34,25-35,Australia,Oceania,1M-5M,Not paid occupation,2-5,1
351,soon.jpg,Surya,M,21,15-25,India,Asia,1M-5M,Student,0-2,0
102,soon.jpg,Suzanne,F,6,0-15,France,Europe,1M-5M,Kid,0-2,0
278,soon.jpg,Svud,F,9,0-15,Mongolia,Asia,1M-5M,Kid,0-2,0
127,soon.jpg,Tatiana,F,24,15-25,United States of America,Americas,5M+,Liberal profession and intellectual occupation,2-5,0
257,soon.jpg,Tatiana,F,76,65+,Russian Federation,Europe,5M+,Retiree,5+,1
245,soon.jpg,Taya,F,7,0-15,United Kingdom of Great Britain and Northern Ireland,Europe,5M+,Kid,0-2,0
308,soon.jpg,Tegar,M,13,0-15,Indonesia,Asia,5M+,Kid,0-2,0
256,soon.jpg,Teimuraz,M,44,35-50,Russian Federation,Europe,5M+,"Craftsmen, merchants & small business owner",5+,1
105,soon.jpg,Teofilo,M,27,25-35,Argentina,Americas,1M-5M,Executive,5+,0
304,soon.jpg,Thang Siam,M,26,25-35,Myanmar,Asia,5M+,Student,2-5,0
298,soon.jpg,Thein,M,32,25-35,Myanmar,Asia,5M+,Liberal profession and intellectual occupation,2-5,0
16,soon.jpg,Thierry,M,66,65+,France,Europe,1M-5M,Retiree,2-5,1
310,soon.jpg,Thiha,M,24,15-25,Myanmar,Asia,5M+,Executive,2-5,0
31,soon.jpg,Thomas,M,25,15-25,France,Europe,1M-5M,Student,2-5,0
210,soon.jpg,Thomas,M,41,35-50,United States of America,Americas,15-100k,Artist,2-5,2-5
83,soon.jpg,Timotei,M,19,15-25,France,Europe,1M-5M,Not paid occupation,0-2,0
400,IRN15.jpg,Tina,F,25,15-25,Iran (Islamic Republic of),Asia,5M+,Liberal profession and intellectual occupation,5+,0
408,soon.jpg,Tolesa,M,23,15-25,Ethiopia,Africa,0-5k,Worker,0-2,0
6,soon.jpg,Tristan,M,28,25-35,France,Europe,5M+,Executive,2-5,0
272,soon.jpg,Tsagadai,M,28,25-35,Mongolia,Asia,1M-5M,Worker,0-2,0
367,soon.jpg,Uddhav,M,55,50-65,Nepal,Asia,100k-1M,Liberal profession and intellectual occupation,2-5,2-5
277,soon.jpg,Ujintugs & Ujingoo,F,7,0-15,Mongolia,Asia,1M-5M,Kid,0-2,0
254,RUS05.jpg,Uliana,F,31,25-35,Russian Federation,Europe,5M+,Executive,2-5,0
71,soon.jpg,Valentina,F,40,35-50,Venezuela (Bolivarian Republic of),Americas,5M+,Executive,0-2,2-5
150,soon.jpg,Vanesa,F,28,25-35,Bolivia (Plurinational State of),Americas,0-5k,Employee,2-5,0
54,soon.jpg,Var,M,32,25-35,Armenia,Asia,1M-5M,Artist,5+,0
21,FR015.jpg,Vecdet,M,56,50-65,France,Europe,1M-5M,"Craftsmen, merchants & small business owner",0-2,2-5
334,soon.jpg,Ventana,F,19,15-25,India,Asia,100k-1M,Student,0-2,0
330,soon.jpg,Victoria,F,35,25-35,United States of America,Americas,1M-5M,Liberal profession and intellectual occupation,2-5,0
123,soon.jpg,Virginia,F,30,25-35,Argentina,Americas,1M-5M,"Craftsmen, merchants & small business owner",2-5,0
327,soon.jpg,Vishal,M,36,35-50,India,Asia,100k-1M,Executive,2-5,2-5
276,soon.jpg,Wusuhua,F,31,25-35,China,Asia,1M-5M,Religious,2-5,0
99,soon.jpg,Yaron,M,34,25-35,Israel,Asia,1M-5M,Liberal profession and intellectual occupation,5+,2-5
60,soon.jpg,Yasemin,F,16,15-25,Turkey,Asia,5M+,Student,0-2,0
1,soon.jpg,Yidan,F,32,25-35,China,Asia,1M-5M,Executive,2-5,0
23,soon.jpg,Younes,M,25,15-25,Algeria,Africa,1M-5M,Executive,2-5,0
154,soon.jpg,Yuri,M,50,35-50,Brazil,Americas,5M+,Liberal profession and intellectual occupation,0-2,2-5
42,soon.jpg,Zacharia,M,13,0-15,Switzerland,Europe,1M-5M,Student,0-2,0
249,soon.jpg,Zahra,F,6,0-15,Australia,Oceania,5M+,Kid,0-2,0
248,soon.jpg,Zaki & Nacima,M,8,0-15,United Kingdom of Great Britain and Northern Ireland,Europe,5M+,Kid,0-2,0
229,soon.jpg,Ziad,M,10,0-15,Syrian Arab Republic,Asia,1M-5M,Kid,0-2,0
268,MN01.jpg,Zorgit,M,54,50-65,Mongolia,Asia,0-5k,Farmer,0-2,2-5
